Urtea,Hilabetea,Estazioa,Erabiltzaile_Kopurua,Ibilbide_Kopurua,Batez_Besteko_Iraupena
2015,1,Ayuntamiento,511,1.800,"40,59"
2015,1,Andia,398,985,"51,37"
2015,1,Pio XII,394,1.239,"54,98"
2015,1,Plaza Cataluña,362,1.304,"40,01"
2015,1,Easo,344,1.357,"36,40"
2015,1,Universidades,301,1.056,"55,77"
2015,1,Av. Zarautz,296,927,"52,59"
2015,1,Arrasate,294,756,"57,22"
2015,1,Paseo Francia,273,787,"45,38"
2015,1,Magisterio,257,861,"33,90"
2015,1,San Francisco,237,799,"32,65"
2015,1,Anoeta,196,445,"48,21"
2015,1,Isabel II,178,611,"37,39"
2015,1,Lugaritz,147,483,"42,78"
2015,1,Riberas,78,340,"44,69"
2015,1,Intxaurrondo,71,324,"51,76"
2015,2,Ayuntamiento,424,1.297,"50,33"
2015,2,Pio XII,339,1.025,"52,31"
2015,2,Plaza Cataluña,308,868,"56,76"
2015,2,Andia,300,729,"53,58"
2015,2,Easo,286,1.047,"55,55"
2015,2,Universidades,247,840,"61,08"
2015,2,Paseo Francia,239,649,"49,84"
2015,2,Arrasate,225,564,"73,91"
2015,2,Av. Zarautz,224,625,"68,83"
2015,2,Magisterio,222,723,"57,99"
2015,2,San Francisco,208,652,"42,93"
2015,2,Anoeta,178,415,"57,52"
2015,2,Lugaritz,102,332,"63,08"
2015,2,Isabel II,90,181,"128,02"
2015,2,Riberas,75,292,"30,57"
2015,2,Intxaurrondo,59,229,"44,79"
2015,3,Ayuntamiento,487,1.586,"85,45"
2015,3,Pio XII,371,1.069,"69,74"
2015,3,Andia,350,850,"65,17"
2015,3,Easo,348,1.254,"48,09"
2015,3,Plaza Cataluña,343,1.139,"48,88"
2015,3,Universidades,334,1.100,"55,70"
2015,3,Av. Zarautz,290,740,"67,93"
2015,3,Arrasate,276,726,"89,11"
2015,3,Paseo Francia,257,686,"80,20"
2015,3,Magisterio,256,804,"55,53"
2015,3,San Francisco,249,798,"53,21"
2015,3,Isabel II,193,557,"41,94"
2015,3,Anoeta,173,401,"73,13"
2015,3,Lugaritz,140,401,"68,22"
2015,3,Riberas,84,383,"106,35"
2015,3,Intxaurrondo,67,270,"52,31"
2015,4,Ayuntamiento,598,2.115,"89,23"
2015,4,Andia,456,1.024,"51,55"
2015,4,Pio XII,437,1.160,"49,55"
2015,4,Plaza Cataluña,428,1.387,"68,54"
2015,4,Easo,383,1.152,"65,06"
2015,4,Av. Zarautz,357,859,"65,79"
2015,4,Universidades,335,979,"43,15"
2015,4,Arrasate,335,746,"81,31"
2015,4,San Francisco,295,789,"42,49"
2015,4,Magisterio,291,751,"39,56"
2015,4,Paseo Francia,283,723,"66,44"
2015,4,Anoeta,242,519,"78,44"
2015,4,Isabel II,236,708,"56,28"
2015,4,Lugaritz,159,497,"79,04"
2015,4,Riberas,107,426,"44,38"
2015,4,Intxaurrondo,87,381,"39,38"
2015,5,Ayuntamiento,536,1.710,"77,87"
2015,5,Pio XII,356,817,"102,34"
2015,5,Plaza Cataluña,350,899,"80,61"
2015,5,Andia,325,631,"90,51"
2015,5,Easo,319,870,"84,68"
2015,5,Arrasate,304,637,"94,50"
2015,5,Universidades,249,595,"130,27"
2015,5,San Francisco,216,581,"125,06"
2015,5,Isabel II,210,489,"86,19"
2015,5,Paseo Francia,209,423,"70,91"
2015,5,Magisterio,199,397,"70,54"
2015,5,Av. Zarautz,199,364,"100,33"
2015,5,Anoeta,170,342,"85,77"
2015,5,Riberas,120,435,"85,86"
2015,5,Lugaritz,85,154,"61,47"
2015,5,Intxaurrondo,81,334,"187,34"
2015,6,Ayuntamiento,471,1.216,"147,23"
2015,6,Plaza Cataluña,308,722,"98,17"
2015,6,Easo,279,642,"113,35"
2015,6,Pio XII,268,571,"62,37"
2015,6,Andia,250,483,"111,10"
2015,6,Arrasate,242,444,"153,17"
2015,6,Isabel II,198,531,"82,76"
2015,6,Universidades,171,328,"79,25"
2015,6,San Francisco,162,291,"121,44"
2015,6,Av. Zarautz,156,235,"74,07"
2015,6,Magisterio,153,236,"107,61"
2015,6,Paseo Francia,151,270,"137,56"
2015,6,Anoeta,136,223,"110,74"
2015,6,Riberas,100,325,"79,99"
2015,6,Lugaritz,73,146,"156,10"
2015,6,Intxaurrondo,66,294,"133,21"
2015,7,Ayuntamiento,373,845,"171,58"
2015,7,Plaza Cataluña,226,437,"107,98"
2015,7,Pio XII,195,359,"170,02"
2015,7,Arrasate,183,324,"171,67"
2015,7,Andia,177,270,"186,42"
2015,7,Easo,173,364,"121,82"
2015,7,Isabel II,137,287,"173,94"
2015,7,San Francisco,123,204,"106,11"
2015,7,Universidades,119,203,"123,29"
2015,7,Av. Zarautz,117,194,"173,74"
2015,7,Paseo Francia,93,133,"140,97"
2015,7,Magisterio,81,101,"77,18"
2015,7,Anoeta,80,129,"65,26"
2015,7,Riberas,70,190,"142,89"
2015,7,Intxaurrondo,56,195,"227,77"
2015,7,Lugaritz,51,96,"92,82"
2015,8,Ayuntamiento,294,584,"258,32"
2015,8,Plaza Cataluña,171,295,"238,56"
2015,8,Arrasate,159,257,"190,49"
2015,8,Isabel II,140,368,"194,81"
2015,8,Pio XII,132,247,"914,00"
2015,8,Andia,124,188,"187,42"
2015,8,Easo,118,233,"249,55"
2015,8,San Francisco,91,119,"211,37"
2015,8,Av. Zarautz,82,112,"753,67"
2015,8,Universidades,63,84,"133,02"
2015,8,Intxaurrondo,58,182,"137,59"
2015,8,Anoeta,54,82,"526,16"
2015,8,Magisterio,51,73,"138,13"
2015,8,Riberas,50,160,"92,63"
2015,8,Paseo Francia,50,68,"230,89"
2015,8,Lugaritz,31,58,"163,85"
2015,9,Ayuntamiento,316,778,"486,64"
2015,9,Pio XII,188,374,"293,02"
2015,9,Arrasate,184,329,"129,23"
2015,9,Plaza Cataluña,174,371,"378,23"
2015,9,Andia,164,288,"213,40"
2015,9,Universidades,154,365,"118,98"
2015,9,Isabel II,153,409,"370,66"
2015,9,Easo,131,253,"121,08"
2015,9,San Francisco,117,222,"133,30"
2015,9,Av. Zarautz,101,158,"144,76"
2015,9,Magisterio,99,230,"284,19"
2015,9,Paseo Francia,86,172,"115,49"
2015,9,Anoeta,86,144,"181,74"
2015,9,Riberas,77,234,"189,01"
2015,9,Intxaurrondo,62,209,"100,19"
2015,9,Lugaritz,38,67,"262,96"
2015,10,Ayuntamiento,190,390,"375,75"
2015,10,Andia,162,270,"135,60"
2015,10,Plaza Cataluña,144,279,"165,01"
2015,10,Universidades,110,246,"1.592,35"
2015,10,Isabel II,99,223,"367,59"
2015,10,Arrasate,97,153,"389,13"
2015,10,Magisterio,96,196,"40,63"
2015,10,Pio XII,84,124,"701,79"
2015,10,Anoeta,70,141,"187,47"
2015,10,Easo,68,123,"159,74"
2015,10,San Francisco,67,94,"665,25"
2015,10,Riberas,51,130,"637,87"
2015,10,Av. Zarautz,48,58,"182,55"
2015,10,Intxaurrondo,45,126,"180,47"
2015,10,Lugaritz,42,79,"80,95"
2015,10,Paseo Francia,21,32,"1.340,25"
2015,11,Ayuntamiento,476,1.479,"283,04"
2015,11,Andia,348,931,"54,37"
2015,11,Plaza Cataluña,337,1.401,"55,42"
2015,11,Pio XII,334,1.081,"38,09"
2015,11,Arrasate,317,974,"375,84"
2015,11,Universidades,277,1.100,"66,13"
2015,11,Easo,276,965,"263,65"
2015,11,Av. Zarautz,248,730,"46,73"
2015,11,Magisterio,239,925,"31,84"
2015,11,Isabel II,208,770,"35,57"
2015,11,San Francisco,192,611,"24,10"
2015,11,Anoeta,164,504,"33,83"
2015,11,Lugaritz,116,507,"61,69"
2015,11,Riberas,96,420,"535,89"
2015,11,Intxaurrondo,77,475,"90,02"
2015,11,Paseo Francia,2,2,"22.357,96"
2015,12,Ayuntamiento,608,1.846,"35,08"
2015,12,Arrasate,443,1.421,"25,61"
2015,12,Plaza Cataluña,412,1.538,"361,12"
2015,12,Andia,392,938,"28,30"
2015,12,Easo,356,1.284,"137,89"
2015,12,Pio XII,350,1.152,"32,84"
2015,12,Universidades,291,1.136,"30,34"
2015,12,Av. Zarautz,286,913,"37,35"
2015,12,San Francisco,250,783,"48,43"
2015,12,Magisterio,246,955,"29,61"
2015,12,Isabel II,230,864,"30,15"
2015,12,Anoeta,195,516,"28,44"
2015,12,Lugaritz,141,485,"117,54"
2015,12,Riberas,110,548,"28,68"
2015,12,Intxaurrondo,94,625,"26,82"
2016,1,Ayuntamiento,499,1.498,"33,02"
2016,1,Arrasate,345,886,"52,30"
2016,1,Plaza Cataluña,336,1.237,"34,43"
2016,1,Pio XII,322,970,"32,99"
2016,1,Easo,300,991,"35,18"
2016,1,Universidades,291,917,"28,26"
2016,1,Andia,278,670,"34,87"
2016,1,Magisterio,228,775,"38,79"
2016,1,Av. Zarautz,227,630,"32,61"
2016,1,San Francisco,206,640,"31,86"
2016,1,Isabel II,176,740,"33,68"
2016,1,Anoeta,143,344,"38,18"
2016,1,Lugaritz,113,387,"27,76"
2016,1,Riberas,93,482,"40,79"
2016,1,Intxaurrondo,86,419,"36,17"
2016,2,Ayuntamiento,451,1.435,"35,31"
2016,2,Plaza Cataluña,337,1.270,"34,96"
2016,2,Arrasate,303,840,"39,42"
2016,2,Pio XII,289,844,"193,43"
2016,2,Andia,282,704,"22,24"
2016,2,Easo,265,916,"34,20"
2016,2,Universidades,254,862,"22,57"
2016,2,Av. Zarautz,214,558,"32,36"
2016,2,San Francisco,207,695,"34,91"
2016,2,Magisterio,198,713,"22,33"
2016,2,Isabel II,160,651,"25,70"
2016,2,Anoeta,129,319,"26,96"
2016,2,Riberas,99,436,"26,88"
2016,2,Lugaritz,97,353,"21,74"
2016,2,Paseo Francia,83,101,"35,27"
2016,2,Intxaurrondo,81,391,"49,20"
2016,3,Ayuntamiento,486,1.504,"31,99"
2016,3,Plaza Cataluña,342,1.083,"34,19"
2016,3,Pio XII,280,839,"24,60"
2016,3,Easo,274,958,"27,55"
2016,3,Andia,272,702,"20,52"
2016,3,Arrasate,270,787,"25,59"
2016,3,Paseo Francia,265,672,"43,71"
2016,3,Av. Zarautz,240,625,"30,73"
2016,3,Universidades,226,761,"35,59"
2016,3,San Francisco,209,618,"32,56"
2016,3,Magisterio,197,676,"25,91"
2016,3,Isabel II,188,661,"30,34"
2016,3,Anoeta,142,305,"28,20"
2016,3,Lugaritz,107,454,"31,69"
2016,3,Riberas,99,480,"27,43"
2016,3,Intxaurrondo,86,492,"26,20"
2016,4,Ayuntamiento,634,2.015,"34,99"
2016,4,Plaza Cataluña,409,1.535,"38,97"
2016,4,Andia,368,1.023,"35,66"
2016,4,Paseo Francia,341,1.101,"40,72"
2016,4,Pio XII,335,1.238,"22,81"
2016,4,Easo,326,1.261,"20,76"
2016,4,Universidades,305,1.253,"29,81"
2016,4,Arrasate,300,953,"57,87"
2016,4,Av. Zarautz,291,856,"28,09"
2016,4,San Francisco,263,921,"39,20"
2016,4,Magisterio,247,905,"26,91"
2016,4,Isabel II,235,920,"28,07"
2016,4,Anoeta,180,419,"38,90"
2016,4,Lugaritz,132,612,"18,12"
2016,4,Riberas,123,667,"27,82"
2016,4,Intxaurrondo,95,654,"27,85"
2016,5,Ayuntamiento,693,2.202,"49,13"
2016,5,Plaza Cataluña,440,1.760,"34,52"
2016,5,Paseo Francia,408,1.342,"22,74"
2016,5,Andia,406,1.146,"29,31"
2016,5,Easo,390,1.543,"23,39"
2016,5,Arrasate,361,1.060,"39,70"
2016,5,Universidades,346,1.492,"17,64"
2016,5,Pio XII,340,1.400,"22,33"
2016,5,Av. Zarautz,325,1.038,"23,75"
2016,5,San Francisco,271,1.052,"26,23"
2016,5,Magisterio,270,1.081,"28,39"
2016,5,Isabel II,256,1.036,"21,35"
2016,5,Anoeta,178,470,"24,63"
2016,5,Lugaritz,131,681,"17,50"
2016,5,Riberas,105,632,"16,47"
2016,5,Intxaurrondo,104,785,"23,00"
2016,6,Ayuntamiento,751,2.402,"29,99"
2016,6,Plaza Cataluña,491,1.869,"28,19"
2016,6,Andia,414,1.086,"21,41"
2016,6,Easo,410,1.467,"18,26"
2016,6,Paseo Francia,403,1.273,"21,08"
2016,6,Arrasate,388,1.076,"23,44"
2016,6,Universidades,387,1.335,"25,29"
2016,6,Pio XII,383,1.356,"280,25"
2016,6,Av. Zarautz,343,1.039,"25,98"
2016,6,San Francisco,302,1.030,"27,78"
2016,6,Magisterio,295,960,"19,39"
2016,6,Isabel II,263,1.214,"322,60"
2016,6,Anoeta,171,493,"17,29"
2016,6,Lugaritz,152,588,"17,58"
2016,6,Intxaurrondo,134,843,"28,48"
2016,6,Riberas,111,600,"15,45"
2016,7,Ayuntamiento,870,2.409,"78,42"
2016,7,Plaza Cataluña,563,1.885,"24,07"
2016,7,Andia,456,1.174,"25,28"
2016,7,Paseo Francia,423,1.049,"43,51"
2016,7,Arrasate,399,1.081,"61,24"
2016,7,Av. Zarautz,390,1.102,"23,63"
2016,7,Easo,378,1.270,"23,91"
2016,7,Universidades,363,1.127,"30,09"
2016,7,Pio XII,340,1.154,"21,58"
2016,7,San Francisco,309,1.065,"20,37"
2016,7,Isabel II,261,1.042,"19,28"
2016,7,Magisterio,254,799,"34,51"
2016,7,Anoeta,185,476,"26,61"
2016,7,Lugaritz,140,560,"36,32"
2016,7,Intxaurrondo,134,760,"17,14"
2016,7,Riberas,122,675,"32,05"
2016,8,Ayuntamiento,844,2.311,"32,96"
2016,8,Plaza Cataluña,526,1.900,"186,12"
2016,8,Andia,470,1.194,"25,90"
2016,8,Paseo Francia,427,1.204,"32,58"
2016,8,Arrasate,406,1.055,"19,97"
2016,8,Easo,398,1.291,"18,29"
2016,8,Av. Zarautz,367,1.084,"26,02"
2016,8,Universidades,345,1.138,"53,97"
2016,8,Pio XII,299,1.188,"21,78"
2016,8,San Francisco,291,895,"24,31"
2016,8,Magisterio,266,748,"27,50"
2016,8,Isabel II,223,827,"22,71"
2016,8,Anoeta,154,345,"36,41"
2016,8,Intxaurrondo,145,859,"23,08"
2016,8,Lugaritz,135,432,"19,64"
2016,8,Riberas,116,623,"16,96"
2016,9,Ayuntamiento,746,3.038,"35,78"
2016,9,Plaza Cataluña,499,2.025,"50,06"
2016,9,Andia,463,1.231,"42,49"
2016,9,Paseo Francia,458,1.404,"26,30"
2016,9,Arrasate,416,1.145,"30,59"
2016,9,Universidades,383,1.379,"74,69"
2016,9,Easo,380,1.505,"29,37"
2016,9,Pio XII,377,1.412,"27,40"
2016,9,Av. Zarautz,373,1.166,"19,92"
2016,9,San Francisco,341,1.154,"117,69"
2016,9,Magisterio,315,1.093,"29,04"
2016,9,Isabel II,262,966,"30,72"
2016,9,Anoeta,209,484,"19,54"
2016,9,Lugaritz,162,798,"12,14"
2016,9,Intxaurrondo,137,1.068,"23,63"
2016,9,Riberas,122,585,"22,26"
2016,10,Ayuntamiento,761,2.756,"34,82"
2016,10,Plaza Cataluña,520,2.101,"36,60"
2016,10,Paseo Francia,499,1.664,"14,84"
2016,10,Andia,461,1.295,"14,48"
2016,10,Arrasate,416,1.256,"22,06"
2016,10,Pio XII,414,1.586,"16,06"
2016,10,Easo,402,1.881,"17,57"
2016,10,Universidades,385,1.665,"35,06"
2016,10,Av. Zarautz,367,1.198,"17,55"
2016,10,San Francisco,326,1.237,"18,44"
2016,10,Magisterio,322,1.148,"21,04"
2016,10,Isabel II,284,1.223,"21,87"
2016,10,Anoeta,210,610,"46,46"
2016,10,Lugaritz,168,754,"32,64"
2016,10,Intxaurrondo,143,1.017,"31,58"
2016,10,Riberas,143,799,"16,83"
2016,11,Ayuntamiento,499,1.798,"14,98"
2016,11,Plaza Cataluña,396,1.590,"18,94"
2016,11,Paseo Francia,384,1.457,"19,24"
2016,11,Easo,366,1.528,"20,28"
2016,11,Arrasate,360,1.053,"31,62"
2016,11,Pio XII,350,1.345,"27,46"
2016,11,Andia,344,898,"17,88"
2016,11,Universidades,300,1.404,"19,48"
2016,11,Av. Zarautz,283,872,"19,64"
2016,11,Magisterio,261,969,"17,49"
2016,11,San Francisco,256,970,"14,76"
2016,11,Isabel II,225,986,"16,68"
2016,11,Anoeta,191,531,"15,49"
2016,11,Lugaritz,143,637,"18,91"
2016,11,Riberas,126,612,"16,11"
2016,11,Intxaurrondo,115,740,"32,98"
2016,12,Ayuntamiento,647,2.048,"19,62"
2016,12,Plaza Cataluña,490,1.860,"17,00"
2016,12,Paseo Francia,469,1.499,"18,58"
2016,12,Arrasate,427,1.190,"14,38"
2016,12,Andia,396,1.149,"13,74"
2016,12,Easo,389,1.563,"30,68"
2016,12,Pio XII,376,1.271,"13,90"
2016,12,Av. Zarautz,347,1.175,"20,34"
2016,12,Universidades,341,1.217,"17,87"
2016,12,San Francisco,317,1.046,"16,17"
2016,12,Magisterio,278,1.006,"124,68"
2016,12,Isabel II,265,1.139,"17,19"
2016,12,Anoeta,227,579,"19,03"
2016,12,Lugaritz,155,567,"30,71"
2016,12,Intxaurrondo,149,914,"88,92"
2016,12,Riberas,138,682,"23,24"
2017,1,Ayuntamiento,461,1.629,"18,07"
2017,1,Plaza Cataluña,389,1.399,"173,20"
2017,1,Paseo Francia,368,1.393,"15,64"
2017,1,Arrasate,353,1.041,"61,43"
2017,1,Easo,344,1.352,"12,74"
2017,1,Andia,323,921,"17,36"
2017,1,Pio XII,311,1.149,"13,69"
2017,1,Universidades,279,1.034,"16,40"
2017,1,Av. Zarautz,268,857,"14,58"
2017,1,San Francisco,262,959,"15,69"
2017,1,Magisterio,230,853,"109,13"
2017,1,Isabel II,217,975,"18,48"
2017,1,Anoeta,207,531,"43,51"
2017,1,Lugaritz,137,478,"14,05"
2017,1,Riberas,116,554,"31,81"
2017,1,Intxaurrondo,111,574,"19,27"
2017,2,Ayuntamiento,535,1.978,"23,36"
2017,2,Plaza Cataluña,413,1.526,"12,93"
2017,2,Paseo Francia,396,1.497,"16,84"
2017,2,Easo,369,1.655,"11,31"
2017,2,Arrasate,356,1.224,"12,21"
2017,2,Pio XII,349,1.468,"11,48"
2017,2,Andia,343,1.022,"28,45"
2017,2,Universidades,325,1.424,"16,97"
2017,2,Av. Zarautz,311,1.061,"13,41"
2017,2,San Francisco,273,1.089,"26,63"
2017,2,Isabel II,256,1.050,"11,38"
2017,2,Magisterio,252,940,"15,68"
2017,2,Anoeta,209,621,"21,18"
2017,2,Lugaritz,147,533,"13,71"
2017,2,Intxaurrondo,132,651,"20,27"
2017,2,Riberas,115,628,"12,98"
2017,3,Ayuntamiento,642,2.432,"30,09"
2017,3,Plaza Cataluña,479,1.983,"25,43"
2017,3,Paseo Francia,467,1.999,"14,16"
2017,3,Andia,430,1.359,"21,80"
2017,3,Arrasate,419,1.432,"14,55"
2017,3,Pio XII,408,1.766,"14,03"
2017,3,Easo,390,2.080,"32,36"
2017,3,Universidades,362,1.652,"15,31"
2017,3,Av. Zarautz,357,1.306,"20,76"
2017,3,San Francisco,317,1.319,"25,50"
2017,3,Magisterio,290,1.164,"17,44"
2017,3,Isabel II,278,1.316,"12,50"
2017,3,Anoeta,239,687,"13,37"
2017,3,Lugaritz,158,684,"14,68"
2017,3,Intxaurrondo,154,916,"20,48"
2017,3,Riberas,131,856,"13,50"
2017,4,Ayuntamiento,816,2.228,"28,64"
2017,4,Paseo Francia,541,1.990,"18,22"
2017,4,Plaza Cataluña,530,1.942,"15,19"
2017,4,Andia,475,1.389,"14,96"
2017,4,Arrasate,469,1.546,"17,38"
2017,4,Easo,450,1.971,"15,72"
2017,4,Pio XII,427,1.473,"16,49"
2017,4,Av. Zarautz,417,1.504,"15,73"
2017,4,Universidades,373,1.404,"17,94"
2017,4,San Francisco,347,1.204,"40,10"
2017,4,Isabel II,324,1.300,"13,75"
2017,4,Magisterio,323,1.101,"17,04"
2017,4,Anoeta,248,686,"14,87"
2017,4,Lugaritz,188,627,"18,23"
2017,4,Intxaurrondo,173,1.172,"14,69"
2017,4,Riberas,157,808,"21,31"
2017,5,Ayuntamiento,826,2.983,"25,23"
2017,5,Plaza Cataluña,638,2.702,"17,59"
2017,5,Paseo Francia,565,2.565,"14,50"
2017,5,Arrasate,530,1.926,"12,19"
2017,5,Andia,516,1.727,"28,14"
2017,5,Easo,495,2.320,"15,35"
2017,5,Pio XII,482,2.117,"12,83"
2017,5,Av. Zarautz,438,1.632,"23,94"
2017,5,Universidades,431,2.175,"14,25"
2017,5,San Francisco,369,1.519,"13,46"
2017,5,Isabel II,355,1.818,"11,19"
2017,5,Magisterio,346,1.228,"19,18"
2017,5,Anoeta,287,837,"21,92"
2017,5,Lugaritz,189,890,"13,29"
2017,5,Intxaurrondo,177,1.663,"13,51"
2017,5,Riberas,164,996,"16,63"
2017,6,Ayuntamiento,854,2.778,"32,74"
2017,6,Plaza Cataluña,604,2.514,"20,17"
2017,6,Paseo Francia,592,2.135,"16,89"
2017,6,Andia,534,1.554,"22,68"
2017,6,Arrasate,503,1.475,"17,95"
2017,6,Easo,483,2.051,"36,03"
2017,6,Pio XII,439,1.708,"16,98"
2017,6,Av. Zarautz,424,1.432,"17,55"
2017,6,Universidades,390,1.457,"18,97"
2017,6,San Francisco,380,1.446,"16,40"
2017,6,Magisterio,337,1.071,"25,89"
2017,6,Isabel II,332,1.564,"12,98"
2017,6,Anoeta,248,639,"19,50"
2017,6,Intxaurrondo,197,1.200,"18,51"
2017,6,Lugaritz,170,622,"15,30"
2017,6,Riberas,165,982,"13,19"
2017,7,Ayuntamiento,1.041,3.427,"27,86"
2017,7,Plaza Cataluña,657,2.785,"24,81"
2017,7,Paseo Francia,645,2.218,"22,87"
2017,7,Arrasate,580,1.630,"21,32"
2017,7,Andia,575,1.570,"14,02"
2017,7,Easo,540,1.868,"16,21"
2017,7,Av. Zarautz,504,1.534,"20,73"
2017,7,San Francisco,431,1.440,"18,48"
2017,7,Pio XII,428,1.482,"13,99"
2017,7,Universidades,403,1.352,"47,06"
2017,7,Magisterio,373,1.075,"19,07"
2017,7,Isabel II,357,1.425,"16,14"
2017,7,Anoeta,264,744,"33,40"
2017,7,Intxaurrondo,209,1.294,"25,43"
2017,7,Riberas,177,956,"41,54"
2017,7,Lugaritz,163,536,"19,37"
2017,7,-,1,11,"0,21"
2017,8,Ayuntamiento,907,2.736,"28,44"
2017,8,Plaza Cataluña,652,2.565,"21,13"
2017,8,Andia,627,1.712,"25,75"
2017,8,Paseo Francia,605,1.894,"26,24"
2017,8,Arrasate,556,1.475,"18,45"
2017,8,Easo,514,1.945,"14,35"
2017,8,Av. Zarautz,459,1.502,"25,93"
2017,8,Pio XII,415,1.390,"27,78"
2017,8,Universidades,401,1.188,"24,85"
2017,8,San Francisco,395,1.271,"35,01"
2017,8,Isabel II,344,1.396,"21,18"
2017,8,Magisterio,305,838,"24,62"
2017,8,Anoeta,235,594,"13,14"
2017,8,Intxaurrondo,195,1.386,"20,08"
2017,8,Riberas,168,895,"14,51"
2017,8,Lugaritz,143,436,"22,96"
2017,9,Ayuntamiento,873,2.817,"20,95"
2017,9,Plaza Cataluña,614,2.573,"19,52"
2017,9,Paseo Francia,584,2.340,"13,33"
2017,9,Andia,584,1.622,"15,61"
2017,9,Arrasate,550,1.498,"12,43"
2017,9,Easo,533,2.117,"14,78"
2017,9,Pio XII,501,1.839,"16,09"
2017,9,Av. Zarautz,492,1.759,"15,04"
2017,9,San Francisco,435,1.531,"29,90"
2017,9,Universidades,430,1.640,"23,42"
2017,9,Isabel II,393,1.859,"14,24"
2017,9,Magisterio,380,1.126,"55,33"
2017,9,Anoeta,307,824,"17,97"
2017,9,Intxaurrondo,197,1.258,"24,06"
2017,9,Riberas,154,858,"14,12"
2017,9,Lugaritz,150,417,"35,63"
2017,10,Ayuntamiento,828,3.078,"25,72"
2017,10,Paseo Francia,615,2.509,"27,31"
2017,10,Plaza Cataluña,592,2.658,"16,83"
2017,10,Andia,535,1.640,"15,36"
2017,10,Easo,518,2.221,"16,44"
2017,10,Arrasate,509,1.488,"21,97"
2017,10,Av. Zarautz,503,1.829,"23,23"
2017,10,Pio XII,492,1.946,"19,54"
2017,10,San Francisco,420,1.569,"18,53"
2017,10,Universidades,410,1.760,"17,54"
2017,10,Isabel II,392,1.602,"14,53"
2017,10,Magisterio,365,1.279,"17,96"
2017,10,Anoeta,279,889,"28,16"
2017,10,Intxaurrondo,218,1.340,"22,98"
2017,10,Riberas,179,1.123,"12,22"
2017,10,Lugaritz,158,433,"66,77"
2017,11,Ayuntamiento,522,1.795,"24,53"
2017,11,Paseo Francia,444,1.766,"16,83"
2017,11,Plaza Cataluña,427,1.591,"25,34"
2017,11,Easo,420,1.493,"20,02"
2017,11,Arrasate,396,1.004,"13,17"
2017,11,Pio XII,384,1.292,"16,68"
2017,11,Andia,355,886,"27,34"
2017,11,Universidades,344,1.324,"30,93"
2017,11,Av. Zarautz,332,1.011,"15,92"
2017,11,San Francisco,297,1.076,"15,97"
2017,11,Isabel II,281,939,"14,02"
2017,11,Magisterio,279,870,"14,89"
2017,11,Anoeta,205,510,"13,80"
2017,11,Riberas,149,767,"19,94"
2017,11,Intxaurrondo,145,692,"22,44"
2017,11,Lugaritz,93,232,"19,95"
2017,11,-,2,10,"5,34"
2017,12,Ayuntamiento,555,1.757,"16,84"
2017,12,Paseo Francia,440,1.430,"93,92"
2017,12,Plaza Cataluña,391,1.441,"15,64"
2017,12,Arrasate,391,997,"17,20"
2017,12,Easo,390,1.335,"14,74"
2017,12,Andia,358,828,"25,43"
2017,12,Pio XII,329,1.097,"13,00"
2017,12,Av. Zarautz,315,960,"18,49"
2017,12,Universidades,290,969,"15,94"
2017,12,San Francisco,271,757,"17,51"
2017,12,Isabel II,254,901,"12,13"
2017,12,Magisterio,239,751,"21,78"
2017,12,Anoeta,196,506,"23,38"
2017,12,Intxaurrondo,152,751,"18,70"
2017,12,Riberas,140,649,"19,92"
2017,12,Lugaritz,92,208,"56,54"
2018,1,Ayuntamiento,522,1.916,"14,55"
2018,1,Paseo Francia,448,1.669,"12,02"
2018,1,Arrasate,414,1.183,"14,07"
2018,1,Easo,412,1.551,"12,75"
2018,1,Plaza Cataluña,404,1.556,"23,08"
2018,1,Andia,397,1.076,"9,74"
2018,1,Pio XII,349,1.310,"36,82"
2018,1,Universidades,335,1.275,"15,37"
2018,1,Av. Zarautz,313,1.011,"17,19"
2018,1,Magisterio,296,945,"10,83"
2018,1,Isabel II,291,1.077,"11,30"
2018,1,San Francisco,282,969,"13,72"
2018,1,Anoeta,216,581,"13,36"
2018,1,Riberas,164,888,"18,69"
2018,1,Intxaurrondo,164,833,"214,86"
2018,1,Lugaritz,102,229,"37,83"
2018,1,-,1,8,"2.136,87"
2018,2,Ayuntamiento,426,1.553,"18,48"
2018,2,Paseo Francia,415,1.474,"14,28"
2018,2,Plaza Cataluña,344,1.194,"14,58"
2018,2,Andia,328,988,"10,60"
2018,2,Pio XII,326,1.193,"11,03"
2018,2,Easo,322,1.243,"14,99"
2018,2,Arrasate,315,937,"25,53"
2018,2,Av. Zarautz,285,988,"14,71"
2018,2,Universidades,280,1.079,"12,58"
2018,2,San Francisco,264,859,"16,12"
2018,2,Isabel II,246,939,"11,14"
2018,2,Magisterio,243,874,"14,38"
2018,2,Anoeta,188,476,"31,80"
2018,2,Riberas,135,769,"10,95"
2018,2,Intxaurrondo,134,617,"18,50"
2018,2,Lugaritz,80,145,"12,61"
2018,2,-,1,2,"1,14"
2018,3,Ayuntamiento,694,2.266,"18,30"
2018,3,Paseo Francia,542,1.848,"62,73"
2018,3,Plaza Cataluña,495,1.896,"12,67"
2018,3,Easo,440,1.739,"13,90"
2018,3,Arrasate,434,1.372,"12,31"
2018,3,Andia,432,1.338,"14,81"
2018,3,Pio XII,394,1.630,"10,15"
2018,3,Av. Zarautz,381,1.319,"15,80"
2018,3,San Francisco,345,1.196,"14,91"
2018,3,Universidades,338,1.385,"13,76"
2018,3,Magisterio,336,1.192,"13,31"
2018,3,Isabel II,336,1.167,"11,67"
2018,3,Anoeta,209,574,"14,62"
2018,3,Intxaurrondo,194,1.090,"16,31"
2018,3,Riberas,170,924,"18,94"
2018,3,Lugaritz,113,268,"44,80"
2018,4,Ayuntamiento,762,2.535,"22,10"
2018,4,Paseo Francia,581,2.311,"9,95"
2018,4,Plaza Cataluña,572,2.207,"15,06"
2018,4,Arrasate,495,1.517,"43,69"
2018,4,Easo,476,1.824,"11,49"
2018,4,Pio XII,454,1.784,"9,06"
2018,4,Av. Zarautz,454,1.508,"12,78"
2018,4,Andia,451,1.462,"17,40"
2018,4,Universidades,422,1.567,"16,10"
2018,4,San Francisco,405,1.369,"12,37"
2018,4,Magisterio,386,1.267,"13,28"
2018,4,Isabel II,339,1.283,"13,33"
2018,4,Anoeta,271,687,"14,32"
2018,4,Intxaurrondo,216,1.263,"13,34"
2018,4,Riberas,187,989,"13,38"
2018,4,Lugaritz,127,356,"15,38"
2018,5,Ayuntamiento,825,3.237,"18,08"
2018,5,Paseo Francia,628,2.749,"16,51"
2018,5,Plaza Cataluña,592,2.698,"12,97"
2018,5,Andia,562,1.980,"18,06"
2018,5,Arrasate,560,1.725,"19,38"
2018,5,Easo,543,2.374,"10,27"
2018,5,Pio XII,498,2.132,"11,33"
2018,5,Av. Zarautz,498,1.836,"14,57"
2018,5,Universidades,465,2.134,"15,52"
2018,5,San Francisco,431,1.716,"15,45"
2018,5,Magisterio,422,1.669,"13,68"
2018,5,Isabel II,376,1.708,"12,40"
2018,5,Anoeta,250,720,"16,08"
2018,5,Intxaurrondo,214,1.585,"15,87"
2018,5,Riberas,195,1.159,"11,16"
2018,5,Lugaritz,152,445,"12,73"
2018,6,Ayuntamiento,908,3.058,"24,96"
2018,6,Plaza Cataluña,692,2.856,"14,46"
2018,6,Paseo Francia,657,2.509,"10,80"
2018,6,Andia,620,1.846,"14,45"
2018,6,Arrasate,606,1.777,"14,65"
2018,6,Easo,568,2.114,"10,53"
2018,6,Av. Zarautz,502,1.727,"18,79"
2018,6,Pio XII,486,1.643,"11,05"
2018,6,Universidades,476,1.731,"14,19"
2018,6,San Francisco,446,1.541,"14,12"
2018,6,Magisterio,419,1.336,"15,16"
2018,6,Isabel II,375,1.533,"12,53"
2018,6,Anoeta,242,649,"20,78"
2018,6,Intxaurrondo,225,1.435,"12,79"
2018,6,Riberas,198,1.044,"12,48"
2018,6,Lugaritz,176,586,"37,42"
2018,7,Ayuntamiento,860,2.726,"27,12"
2018,7,Plaza Cataluña,627,2.310,"16,88"
2018,7,Paseo Francia,601,1.987,"11,25"
2018,7,Andia,588,1.493,"14,99"
2018,7,Arrasate,579,1.429,"29,37"
2018,7,Easo,499,1.695,"28,85"
2018,7,Av. Zarautz,429,1.349,"17,61"
2018,7,Pio XII,427,1.270,"16,50"
2018,7,San Francisco,424,1.335,"17,68"
2018,7,Universidades,403,1.096,"18,07"
2018,7,Magisterio,387,996,"23,32"
2018,7,Isabel II,319,1.100,"13,68"
2018,7,Intxaurrondo,213,1.278,"14,26"
2018,7,Anoeta,192,458,"52,66"
2018,7,Lugaritz,174,504,"22,96"
2018,7,Riberas,171,881,"12,05"
2018,8,Ayuntamiento,600,1.490,"28,60"
2018,8,Andia,546,1.282,"20,41"
2018,8,Plaza Cataluña,518,1.633,"29,52"
2018,8,Paseo Francia,475,1.322,"39,77"
2018,8,Arrasate,456,1.091,"32,40"
2018,8,Easo,395,1.288,"18,91"
2018,8,Av. Zarautz,351,904,"30,73"
2018,8,Pio XII,338,1.008,"14,85"
2018,8,San Francisco,338,909,"17,59"
2018,8,Isabel II,269,890,"12,31"
2018,8,Magisterio,260,560,"45,66"
2018,8,Universidades,251,655,"28,86"
2018,8,Intxaurrondo,186,817,"30,44"
2018,8,Anoeta,153,336,"16,96"
2018,8,Lugaritz,129,377,"42,16"
2018,8,Riberas,126,578,"11,92"
